{"cameraMode":{"drawMode":0,"name":"Shaded","section":"Shading Mode"},"sceneLighting":true,"audioPlay":false,"sceneViewState":{"m_AlwaysRefresh":false,"showFog":true,"showSkybox":true,"showFlares":true,"showImageEffects":true,"showParticleSystems":true,"showVisualEffectGraphs":true,"m_FxEnabled":true},"in2DMode":false,"pivot":{"x":0.4262874126434326,"y":1.0209548473358155,"z":0.014582864940166474},"rotation":{"x":-0.00015781717956997454,"y":0.9687510132789612,"z":-0.2481994479894638,"w":-0.00037329047336243093},"size":2.8073227405548097,"orthographic":false}