{"cameraMode":{"drawMode":0,"name":"Shaded","section":"Shading Mode"},"sceneLighting":true,"audioPlay":false,"sceneViewState":{"m_AlwaysRefresh":false,"showFog":true,"showSkybox":true,"showFlares":true,"showImageEffects":true,"showParticleSystems":true,"showVisualEffectGraphs":true,"m_FxEnabled":true},"in2DMode":false,"pivot":{"x":1.3016389608383179,"y":0.20790019631385804,"z":-0.6624402403831482},"rotation":{"x":0.010079273022711277,"y":-0.9897345900535584,"z":0.11062677949666977,"w":0.09030982106924057},"size":5.778355598449707,"orthographic":false}