{"cameraMode":{"drawMode":0,"name":"Shaded","section":"Shading Mode"},"sceneLighting":true,"audioPlay":false,"sceneViewState":{"m_AlwaysRefresh":false,"showFog":true,"showSkybox":true,"showFlares":true,"showImageEffects":true,"showParticleSystems":true,"showVisualEffectGraphs":true,"m_FxEnabled":true},"in2DMode":false,"pivot":{"x":-0.2661396265029907,"y":0.13136577606201173,"z":0.3994150161743164},"rotation":{"x":-0.14661173522472382,"y":0.7897692918777466,"z":-0.2074151635169983,"w":-0.5583707690238953},"size":2.9456276893615724,"orthographic":false}