{"cameraMode":{"drawMode":0,"name":"Shaded","section":"Shading Mode"},"sceneLighting":true,"audioPlay":false,"sceneViewState":{"m_AlwaysRefresh":false,"showFog":true,"showSkybox":true,"showFlares":true,"showImageEffects":true,"showParticleSystems":true,"showVisualEffectGraphs":true,"m_FxEnabled":true},"in2DMode":false,"pivot":{"x":0.2464369535446167,"y":0.7720934152603149,"z":0.23682139813899995},"rotation":{"x":0.11057586967945099,"y":0.09446094930171967,"z":-0.010626154951751233,"w":0.9893516898155212},"size":1.8077130317687989,"orthographic":false}